class,precision,recall,f1,test_support,train_rows,eligible_rows,recall_mean_other_holdouts,recall_min_other_holdouts,review_route,note
Purchase,1.0,1.0,1.0,50,148,198,1.0,1.0,False,Consumables policy unresolved (DEF-06).
Sales,1.0,1.0,1.0,50,150,200,1.0,1.0,False,
Expense,1.0,1.0,1.0,85,115,200,1.0,1.0,False,Boundary with Payment / Purchase unresolved (DEF-06).
Payment,1.0,1.0,1.0,50,145,195,1.0,1.0,False,"Boundary with Expense / Debit Note unresolved (DEF-04, DEF-06)."
Receipt,1.0,1.0,1.0,41,159,200,1.0,1.0,False,
Contra,1.0,1.0,1.0,96,96,192,1.0,1.0,False,Same-entity evidence rule unresolved (DEF-05).
Receipt Note,1.0,1.0,1.0,51,149,200,1.0,1.0,False,
Delivery Note,1.0,1.0,1.0,51,149,200,1.0,1.0,False,
Rejection In,1.0,1.0,1.0,44,138,182,1.0,1.0,False,Direction convention disputed (DEF-01). 18 of its 20 reviewed rows are disputed and excluded; trained on synthetic labels that follow guideline v5. Missing from the v1 artifact.
Rejection Out,1.0,1.0,1.0,44,142,186,1.0,1.0,False,"Direction convention disputed (DEF-01, DEF-02)."
Import,1.0,1.0,1.0,67,133,200,0.4473,0.0,False,
Export,1.0,1.0,1.0,83,117,200,0.461,0.0,False,
Job Work In Order,1.0,1.0,1.0,66,134,200,0.8826,0.5821,False,Definition provisional (DEF-09).
Job Work Out Order,1.0,1.0,1.0,66,134,200,0.997,0.9697,False,Definition provisional (DEF-09).
Material In,1.0,0.9899,0.9949,99,98,197,1.0,1.0,False,Scope disputed: internal movement vs subcontracting (DEF-08).
Material Out,0.9792,1.0,0.9895,47,149,196,1.0,1.0,False,Scope disputed: internal movement vs subcontracting (DEF-08).
Stock Journal,1.0,1.0,1.0,67,133,200,1.0,1.0,False,
Physical Stock,1.0,1.0,1.0,67,133,200,0.9881,0.9403,False,
Salary / Payroll,1.0,1.0,1.0,66,134,200,1.0,1.0,False,
Attendance,1.0,1.0,1.0,66,134,200,1.0,1.0,False,
Purchase Order,1.0,1.0,1.0,49,151,200,1.0,1.0,False,
Sales Order,1.0,1.0,1.0,50,150,200,1.0,1.0,False,
Advance / Prepayment,1.0,1.0,1.0,67,126,193,0.9355,0.8226,False,Direction policy unresolved (DEF-07).
Journal,1.0,1.0,1.0,40,154,194,1.0,1.0,False,
Other / Miscellaneous,1.0,1.0,1.0,57,123,180,1.0,1.0,True,Policy undecided (DEF-10: voucher class or review status). Kept as a class so the taxonomy is complete; its examples are generator records marked unclear / pending review. Predictions are routed to human review. Missing from the v1 artifact.
Purchase Return / Debit Note,1.0,1.0,1.0,38,151,189,1.0,1.0,False,"Boundary with Payment and Rejection In disputed (DEF-02, DEF-04)."
Sales Return / Credit Note,1.0,1.0,1.0,48,139,187,1.0,1.0,False,Evidence requirement disputed (DEF-03).
